﻿<?xml version="1.0" encoding="UTF-8" standalone="yes"?>
<addon id="plugin.video.israli"                                                                                                                                    
	   name="סרטים ישראלים"                                                 
	   version="1.1.2"                                                                                                                                        
	   provider-name="Team Palindrome">
  <requires>
    <import addon="xbmc.python" version="2.1.0"/>
	<import addon="script.module.requests"/>


  </requires>
  <extension point="xbmc.service" library="startup.py" start="startup" />
  <extension point="xbmc.python.pluginsource"
            library="default.py">
        <provides>video</provides>
  </extension>
  <extension point="xbmc.addon.metadata">
    <summary lang="he">כל הסרטים הישראלים במקום אחד</summary>
    <description lang="he">כל הסרטים הישראלים במקום אחד</description>
    <platform>all</platform>
  </extension>
</addon>