﻿<?xml version="1.0" encoding="UTF-8" standalone="yes"?>
<addon id="plugin.video.HebDub.movies"                                                                                                                                    
	   name="HebDub movies"                      
	   version="1.0.3"                                                                                                                                        
	   provider-name="HebDub ">
	   <requires>
    <import addon="script.module.resolveurl" version="5.0.00"/>
    <import addon="xbmc.python" version="2.1.0"/>
	<import addon="script.module.requests"/>
	

	
  </requires>
  <extension point="xbmc.service" library="startup.py" start="startup" />
  <extension point="xbmc.python.pluginsource"
            library="default.py">
        <provides>video</provides>
  </extension>
  <extension point="xbmc.service" library="service.py" start="login"></extension> 
  <extension point="xbmc.addon.metadata">
    <summary lang="en">All HebDub movies</summary>
    <description lang="en"></description>
    <platform>all</platform>

  </extension>
</addon>