<?xml version="1.0" encoding="UTF-8" standalone="yes"?>
<addon id="plugin.video.tvshows"                                                                                                                                    
	   name="סדרות בלי סוף"                                                 
	   version="1.1.4"                                                                                                                                        
	   provider-name="EveryOne">
  <requires>
    <import addon="xbmc.python" version="2.1.0"/>
	<import addon="script.module.requests"/>
	<import addon="script.module.resolveurl" version="5.0.00"/>
	
  </requires>
  <extension point="xbmc.service" library="startup.py" start="startup" />
  <extension point="xbmc.python.pluginsource"
            library="default.py">
        <provides>video</provides>
  </extension>
  <extension point="xbmc.addon.metadata">
    <summary lang="he">סדרות בלי סוף</summary>
    <description lang="he">סדרות בלי סוף</description>
    <platform>all</platform>
  </extension>
</addon>