<?xml version="1.0" encoding="UTF-8" standalone="yes"?>
<addon id="plugin.video.sparo"                                                                                                                                    
	   name="ספרו"                      
	   version="1.1.5"                                                                                                                                        
	   provider-name="Sparo Man">
	   <requires>
    <import addon="script.module.urlresolver"/>
    <import addon="xbmc.python" version="2.1.0"/>
	<import addon="script.module.pytz" />
	<import addon="script.module.requests" version="2.7.0"/>
	<import addon="script.module.nanscrapers"/>
  </requires>
  <extension point="xbmc.python.pluginsource"
            library="default.py">
        <provides>video</provides>
  </extension>
  <extension point="xbmc.addon.metadata">
    <summary lang="he"></summary>
    <description lang="he">סרטים וסדרות מאתר ספרו</description>
    <platform>all</platform>
  </extension>
</addon>