﻿<?xml version="1.0" encoding="UTF-8" standalone="yes"?>
<addon id="plugin.video.ghost"                                                                                                                                    
	   name="גוסט סרטים"                      
	   version="6.0"                                                                                                                                        
	   provider-name="גוסט">
	   <requires>
    <import addon="script.module.resolveurl" version="5.0.00"/>
    <import addon="xbmc.python" version="2.1.0"/>
	<import addon="script.module.requests"/>
	<import addon="script.module.nanscrapers"/>

	
  </requires>
  <extension point="xbmc.service" library="startup.py" start="startup" />
  <extension point="xbmc.python.pluginsource"
            library="default.py">
        <provides>video</provides>
  </extension>
  
  <extension point="xbmc.addon.metadata">
    <summary lang="en">גוסט סרטים</summary>
    <description lang="en">גוסט</description>
    <platform>all</platform>

  </extension>
</addon>